,Column 1,Column 2,Column 3,Column 4,Column 5
Column 1,1,,,,
Column 2,0.322894925,1,,,
Column 3,-0.891548025,-0.264577967,1,,
Column 4,-0.921559622,-0.349476286,0.803307779,1,
Column 5,0.959605491,0.31616274,-0.852834251,-0.92435926,1
